,year,per capita income($)
0,2016,37974.83379352675
1,2017,38803.29886874952
2,2018,39631.763943972066
3,2019,40460.22901919484
4,2020,41288.69409441762
5,2021,42117.15916964039
6,2022,42945.624244862935
7,2023,43774.08932008571
8,2024,44602.554395308485
9,2025,45431.01947053103
10,2026,46259.4845457538
11,2027,47087.94962097658
12,2028,47916.414696199354
13,2029,48744.879771421896
14,2030,49573.34484664467
